{"Depot": 9891.629999999997, "Profit": 0.9891629999999998, "Buys": 36, "Sells": 32}