{"Depot": 10295.519999999997, "Profit": 1.0295519999999996, "Buys": 16, "Sells": 17}