{"Depot": 8042.969999999992, "Profit": 0.8042969999999992, "Buys": 1233, "Sells": 990}