{"Depot": 8086.009999999996, "Profit": 0.8086009999999996, "Buys": 135, "Sells": 110}