{"Depot": 8042.969999999992, "Profit": 0.8042969999999992, "Buys": 1644, "Sells": 1320}