{"Depot": 5605.030000000001, "Profit": 0.5605030000000001, "Buys": 137, "Sells": 109}